<?xml version="1.0" encoding="UTF-8"?>
<metadata modelVersion="1.1.0">
  <groupId>com.alibaba</groupId>
  <artifactId>dubbo-common</artifactId>
  <version>2.5.4-SNAPSHOT</version>
  <versioning>
    <snapshot>
      <localCopy>true</localCopy>
    </snapshot>
    <lastUpdated>20140223163521</lastUpdated>
    <snapshotVersions>
      <snapshotVersion>
        <classifier>sources</classifier>
        <extension>jar</extension>
        <value>2.5.4-SNAPSHOT</value>
        <updated>20140223163521</updated>
      </snapshotVersion>
      <snapshotVersion>
        <extension>jar</extension>
        <value>2.5.4-SNAPSHOT</value>
        <updated>20140223163521</updated>
      </snapshotVersion>
      <snapshotVersion>
        <extension>pom</extension>
        <value>2.5.4-SNAPSHOT</value>
        <updated>20140223163521</updated>
      </snapshotVersion>
    </snapshotVersions>
  </versioning>
</metadata>
